carlos.gómez@heartguard.com,123
javier.ruiz@heartguard.com,123
luis.romero@heartguard.com,123
david.díaz@heartguard.com,123
juan.martínez@heartguard.com,123
miguel.pérez@heartguard.com,123
sofía.rodríguez@heartguard.com,123
laura.hernández@heartguard.com,123
ana.díaz@heartguard.com,123
maría.sánchez@heartguard.com,123
carmen.jiménez@heartguard.com,123
isabel.jiménez@heartguard.com,123
david.ruiz1@example.com,123
maría.jiménez2@example.com,123
david.romero3@example.com,123
mónica.fernández4@example.com,123
fernando.moreno5@example.com,123
carmen.garcía6@example.com,123
david.garcía7@example.com,123
mónica.gonzález8@example.com,123
miguel.romero9@example.com,123
patricia.moreno10@example.com,123
francisco.garcía11@example.com,123
carmen.pérez12@example.com,123
luis.díaz13@example.com,123
lucía.sánchez14@example.com,123
miguel.martínez15@example.com,123
sofía.moreno16@example.com,123
francisco.fernández17@example.com,123
admin@heartguard.com,123